City,1BR Apartment (Center),1BR Apartment (Outside),Utilities (Monthly),Internet (Monthly),Groceries (Monthly),Public Transport (Monthly),Cost Index,Avg Precipitation Days,Avg Annual Temperature (°C),Avg Wind Speed (m/s),Precip Score,Temp Score,Wind Score,Climate Score,rank,state_x,speed_mbps,state_y,total_coworking_spaces,minimum_price,maximum_price,avg_price,Taxa_2023,Código IBGE,UF,Área (km²),População 2022,PIB per capita 2021,Índice de Progresso Social,Necessidades Humanas Básicas,Fundamentos do Bem-estar,Oportunidades,Nutrição e Cuidados Médicos Básicos,Água e Saneamento,Moradia,Segurança Pessoal,Acesso ao Conhecimento Básico,Acesso à Informação e Comunicação,Saúde e Bem-estar,Qualidade do Meio Ambiente,Direitos Individuais,Liberdades Individuais e de Escolha,Inclusão Social,Acesso à Educação Superior,Cobertura Vacinal (Poliomielite),Hospitalizações por Condições Sensíveis à Atenção Primária,Mortalidade Ajustada por Condições Sensíveis à Atenção Primária,Mortalidade Infantil até 5 Anos,Subnutrição,Abastecimento de Água via Rede de Distribuição,Esgotamento Sanitário Adequado,Índice de Abastecimento de Água,Índice de Perdas de Água na Distribuição,Domicílios com Coleta de Resíduos Adequada,Domicílios com Iluminação Elétrica Adequada,Domicílios com Paredes Adequadas,Domicílios com Piso Adequado,Assassinatos de Jovens,Assassinatos de Mulheres,Mortes por Acidente de Transporte,Homicídios,Abandono no Ensino Fundamental,Abandono no Ensino Médio,Evasão no Ensino Médio,Distorção Idade-Série no Ensino Médio,Ideb Ensino Fundamental,Reprovação Escolar no Ensino Médio,Cobertura de Internet Móvel (4G/5G),Densidade de Internet Banda Larga Fixa,Densidade de Telefonia Móvel,Qualidade de Internet Móvel,Expectativa de Vida,Mortalidade entre 15 e 50 anos,Mortalidade por Doenças Crônicas Não Transmissíveis,Obesidade,Suicídios,Áreas Verdes Urbanas,Emissões de CO₂ por Habitante,Focos de Calor,Índice de Vulnerabilidade Climática dos Municípios (IVCM),Supressão da Vegetação Primária e Secundária,Acesso a Programas de Direitos Humanos,Existência de Ações para Direitos de Minorias,Índice de Atendimento à Demanda de Justiça,Taxa de Congestionamento Líquido de Processos,"Acesso à Cultura, Lazer e Esporte",Gravidez na Adolescência (<19 anos),Praças e Parques em Áreas Urbanas,Trabalho Infantil,Paridade de Gênero na Câmara Municipal,Paridade de Negros na Câmara Municipal,Violência contra Indígenas,Violência contra Mulheres,Violência contra Negros,Empregados com Ensino Superior,Mulheres Empregadas com Ensino Superior,Nota Média no Enem
São Paulo,3800,2400,350,160,900,320,92,10.75,21.65,1.6416666666666666,0.6256983240223463,0.9698391945907028,0.9900154576156408,0.86185099207623,1037,SP,160.93,São Paulo,59,663,1625,1144.0,7.055536766987144,3550308,SP,1521.202,11451999,72915.8434643943,68.78752704301019,83.1862931020736,71.349703699764,51.826584327193416,74.6785498478944,93.1852980975904,90.9777769289941,73.9035475338155,75.7787601685355,79.4777162120937,61.1065335965035,69.0358048219232,47.97834438495786,60.4538277595175,27.0237342020724,71.8504309622259,67.2684394054998,552.661698116191,105.115213664626,12.9344945096554,4.27772915548296,97.8071300865379,96.816730311057,100.0,29.85,93.3428702986544,80.1413240776571,88.7364449361737,98.8482158783361,3.92615096985277,0.52759103253522,2.27907808933619,2.3838632888459,0.8,4.4,5.4,13.9,5.5,7.8,99.9999542901891,40.255539161026,94.1138011961032,95.6860878787879,76.3,1.73284804096455,432.049592213898,32.2796936132403,1.90359779109307,6.30589814492991,1.3539897631101,0.0008732674918753,53.17,2.349701283,11.0,7.0,90.891463393,65.5425615725607,10.0,7.66224914804998,3.04312125624768,0.392763902686967,0.446282021028579,0.501272243850342,130.353817504655,515.538874885744,473.590886090789,212.781114080371,221.989380187889,573.502905146036
Rio de Janeiro,3200,1900,300,150,850,290,87,7.75,24.2875,2.19,0.8268156424581006,0.2703158841595865,0.7881632819444527,0.6284316028540466,1588,RJ,123.73,Rio de Janeiro,53,582,2262,1422.0,23.15164018422781,3304557,RJ,1200.329,6211223,58323.4713512782,66.41027632201828,77.1628106524938,69.2103076191649,52.85771069439639,73.443574376788,88.8169986126914,80.4081945828704,65.9824750376255,70.2188209069313,76.9440328091433,58.6917050651548,70.9866716954303,46.64387778623337,60.7999187363634,31.3108859496987,72.6761603052901,75.7053760920797,337.359519012522,137.009965673183,14.2048077810951,4.83198133001223,97.6941018156307,96.9960661789348,100.0,53.37,70.6340040493221,58.8840978975936,81.5133264545457,97.7168715601788,27.7306560988343,2.10295844193612,11.1250232039648,13.5239066444724,0.5,6.4,7.0,24.9,5.25,14.2,99.9999997122282,32.9509687656014,92.6580022881893,95.7387606060606,75.69,2.11325585153533,438.789508659705,31.6133831534301,4.47576910376588,16.7056482591482,2.05333195793426,0.014489433419685,55.11,2.918039517,10.0,7.0,91.624897848,63.865791700548,11.0,9.59863338360676,2.98763587828425,0.495055752013955,0.32929270191423,0.506501401259606,94.9609434829224,472.624888693414,336.421499584894,147.58716479241,149.277612246527,585.533389094855
Brasília,2700,1600,270,140,780,260,78,9.916666666666666,21.950000000000003,2.108333333333334,0.6815642458100558,0.9993751952718164,0.8310754265654892,0.8373382892157871,778,DF,180.0,Distrito Federal,75,502,2153,1327.5,11.109608533599111,5300108,DF,5760.784,2817381,102591.190757871,71.25189747327438,79.1582433422409,73.7560416627761,60.841407414806525,74.5845802028787,88.3581945937732,87.1801523650706,66.5100462072411,73.7743932069416,77.563871809097,68.7725096972234,74.9133919378422,63.09645944106818,71.5466166325827,37.2260055904944,71.4965479950811,73.2308707745981,763.365192731856,90.7606384530817,12.1910487641951,4.51215886258999,90.829415726065,90.0189360221406,99.0,35.07,86.5877667544168,72.3977045345432,85.4016903441587,98.4710859639569,19.1023753736986,2.50916353303788,12.3164030707952,12.1744272428898,0.6,3.6,6.8,21.5,5.4,8.2,99.7859356743901,34.9835765716904,92.1325214094572,96.4460333333333,77.35,1.54734757523387,335.243676530005,24.468835499316,8.94447715804146,10.1058247651132,2.33000369677219,0.890997306419298,41.72,7.75884383,13.0,11.0,99.668058492,51.5378301437007,9.0,7.93253173012692,14.5667730349427,4.43596681896819,0.318435570444766,0.772030881842112,54.1711809317443,518.243992418257,160.721090915116,242.426769542021,227.564199054701,568.346998562655
Belo Horizonte,2200,1300,240,130,720,230,73,9.583333333333334,22.74166666666667,1.3583333333333334,0.7039106145251396,0.8715192193238122,0.9900154576156408,0.8551484304881977,584,MG,197.42,Minas Gerais,91,611,2225,1418.0,13.905923405137417,3106200,MG,331.354,2315560,46037.3437213892,69.61572236354728,77.4333004551824,71.9558042712096,59.45806236425028,70.3487982021844,89.1900340809192,85.323592986594,64.8707765510322,72.7676018081393,80.2694977035276,63.3894628467534,71.396654726418,55.57899563219476,62.1490014250239,45.5474673152859,74.5567850844966,67.860887801468,748.527779457154,100.881861470671,11.0274001431037,6.08470456016907,97.7812438215329,96.693847239787,94.95,43.07,87.6866354722729,72.6042192980529,76.5620995438003,98.3813331575903,35.0210034342586,2.50037707299407,11.7466185285633,16.3675309644319,0.7,6.1,6.5,20.9,5.5,10.4,99.9999993273451,43.3066017161263,93.4821241961798,95.6856181818182,76.37,1.67730946485362,341.849259069143,31.3184819118953,8.85314999395395,10.2476226982932,1.57966679320809,0.0086372195062965,51.67,2.049488594,10.0,12.0,97.695346298,64.1451574020965,10.0,6.20817374468622,3.35264728013958,0.178680551336709,0.501081860633861,0.564978517913028,92.5181013676589,310.611358325812,150.198133708296,225.379180975145,239.821637144438,612.933198015336
Fortaleza,1700,1000,200,110,680,200,68,19.666666666666668,27.65,1.35,0.0279329608938544,0.0003420255897056,0.9888130446112332,0.3390293436982644,995,CE,164.58,Ceará,29,520,1113,816.5,31.21000960181298,2304400,CE,312.353,2428708,30457.4332255668,64.42242533961775,72.8634851653261,71.1483284319915,49.25546242153602,73.9889034760456,80.6674325055315,93.8046619267704,42.9929427529568,76.6345436873114,77.3336946580439,58.1386468641471,72.4864285184636,43.71600053686727,61.904209026789,32.9212192817329,58.480420840755,73.2213862745659,714.177120512719,113.685163629701,13.2430246663971,4.09564348860196,90.1599917560865,91.749381830584,76.08,39.62,94.1877085909556,93.0546691132474,85.7312151794381,99.0223649394338,81.8181000818181,6.37589022407029,16.3049654384142,40.1448012688228,0.4,4.2,5.2,21.8,5.55,1.0,99.9999998730659,31.3408539107297,96.6883696433154,95.728596969697,74.41,2.19207578688973,417.190067211362,29.7197081456082,6.38199404786413,3.95515610025523,1.54196254631904,0.0164698654988434,38.09,15.91010007,4.0,12.0,96.880286958,66.41374981047859,11.0,10.5573527429573,4.67670147298242,0.265171101653342,0.390491959509363,0.866799483266673,136.803470136803,621.149980142559,266.053865674958,105.808270699826,114.150329545807,547.761812624015
Salvador,1900,1100,210,115,690,210,69,17.083333333333332,26.291666666666668,1.1249999999999998,0.2011173184357541,0.0100056965373474,0.9321024923595276,0.3810751691108763,1950,BA,98.32,Bahia,35,517,1163,840.0,60.967589563209,2927408,BA,693.442,2417678,26229.3220003243,63.800056721678665,70.0926614641786,66.8928578667962,54.414650834061774,69.0126640733309,86.1635430161771,85.3541887551606,39.8402500120457,60.6994803052044,74.8690491904587,58.3976545791261,73.6052473923954,39.58788430076773,60.030391529431,50.6974072300092,67.3429202760392,36.052503940827,480.498869262312,110.703508433466,19.0672507085803,4.96336908840035,92.5162508580896,97.7817355872585,98.83,56.57,65.3432459038175,79.5793800818532,80.708736710935,98.9799554296689,103.184833899027,6.7665274333269,6.53519616756243,50.420279292776,2.6,9.2,7.0,38.7,4.95,20.6,99.9973840890572,23.3367255700569,97.4886185169384,94.8846757575758,75.1,2.85786267730264,404.876495321181,27.5608177884678,4.79799212302052,17.9282957994986,1.06413547002312,0.0,50.01,2.493521993,8.0,4.0,97.557819483,59.6411350820154,11.0,8.71277653034932,1.6406550697786,0.458769579986476,0.384723179011127,0.838768465027275,22.7479526842584,270.204926944312,70.865369123777,120.414171861026,132.62187088274,572.303264373651
Curitiba,2100,1200,230,125,700,220,72,11.166666666666666,19.308333333333334,1.9333333333333336,0.5977653631284916,0.1634468592895218,0.9103839103891422,0.5571987109357185,807,PR,178.11,Paraná,15,509,1258,883.5,15.72967066918191,4106902,PR,434.892,1773718,55656.6100356427,69.36048235689242,79.5623827681996,75.0819272810134,53.43713702146458,70.1197168202259,94.1714696675085,89.9230556765594,64.0352889085046,77.808397922033,81.8453595680922,62.360206290542,78.3137453433863,48.685525584987374,60.9966483265023,31.6039716943214,72.4624024800474,79.0445472818212,718.379244354864,102.791288646525,10.1652533159382,6.88760383629905,98.7962252435374,95.8688164940671,100.0,25.6,96.4320233374142,76.3714538435854,94.4245605197026,94.1556882018358,28.1246876648839,3.20273299882566,15.4477769295908,16.2934581483641,0.3,2.3,7.3,11.7,5.65,6.2,99.9999985633556,48.2161964491904,92.4432997160332,96.9863000000001,76.3,1.79059769915169,374.959655341697,30.5744727592267,8.40043343981399,11.5053057252039,1.55616971354611,0.0,38.29,2.901169472,9.0,9.0,92.217517718,62.1166957431831,7.0,5.95238095238095,7.75582557803232,1.07103196748572,0.398648783804285,0.435362848366692,35.4251012145749,673.0009608199,415.577917384778,234.092953691383,249.963069541531,582.41903920876
Recife,1800,1000,200,110,670,200,67,,,,,,,,1697,PE,116.04,Pernambuco,18,478,959,718.5,40.096177094806976,2611606,PE,218.843,1488920,37189.0956038605,63.7304673282351,67.8948088498918,69.237845964745,54.058747170069,66.3362271968276,78.7445487234311,87.291726038293,39.2067334410157,76.804574274394,73.4112117747495,54.922789161949,71.8128086478874,52.39600507187375,60.0660584455042,31.1937283001294,72.5791968627687,61.3997728563316,924.373441090609,164.239029391341,13.4752183216702,4.78124861010215,89.1589668713156,56.6903258000552,96.43,50.83,87.1405645480303,75.3900282692104,83.0658103357893,97.945256143488,97.9379368635711,5.46323244564084,24.1785992531499,47.6184079735647,0.5,1.7,3.7,17.3,5.15,4.8,99.9999998216311,19.0818744575859,95.3852753881745,96.1562181818183,74.5,2.53306220089453,454.236902957563,32.1273491201238,4.97004540203638,7.90839194372609,1.57869632789093,0.0067162775703194,48.52,3.020736584,11.0,10.0,93.292632015,68.7388856371936,11.0,10.32328957261,2.92791057813717,0.0319330682888665,0.331819419409935,0.463898990278433,67.7710843373494,550.544833272079,249.800050398256,222.038537815538,235.401002506266,584.120677837014
Porto Alegre,2000,1100,220,120,710,220,70,13.333333333333334,20.43333333333333,1.4500000000000002,0.4525139664804468,0.5413923071346666,0.9987507809245808,0.6642190181798981,519,RS,203.74,Rio Grande do Sul,16,463,958,710.5,24.609013051029944,4314902,RS,495.39,1332845,61641.2687074641,66.89932942671875,75.1120908569284,68.0836696064863,57.502227816741865,73.5893583552695,92.0393083592812,78.5553735500857,56.2643231630773,65.9253332022295,81.9794865259753,58.5371970552498,65.8926616424905,54.896934133941954,68.1696900863138,33.5207264637731,73.4215605829388,69.0496368038741,1083.46230896531,105.145564619703,10.0153519994152,3.41985182277611,97.9818121777123,93.1789550242217,100.0,33.23,89.8385703762034,58.7833718596794,76.9838951406,88.9939543272284,55.0833616222691,7.50481559000359,10.2787645975338,29.2607167375051,1.0,9.2,9.7,31.7,5.0,10.6,99.9999961580227,47.7084764685841,93.9204263735033,96.8391333333334,76.42,2.15107727703547,421.973905482922,32.7864330848183,9.078324936508,8.36920562238536,1.6291308900668,0.0075042962095799,55.03,15.72001399,9.0,10.0,119.04485632,54.9946754783502,11.0,6.88646830908692,7.15015142168892,11.015293609304,0.565999564226551,0.642288601933343,44.3458980044346,437.641931350394,287.759518656805,260.366624326352,275.615509500635,596.39351675172
Goiânia,1600,950,190,100,650,190,65,13.727272727272728,24.316666666666663,0.8750000000000001,0.4261046216353478,0.2613914697895738,0.8225775623986646,0.503357884607862,187,GO,273.1,Goiás,33,483,1468,975.5,18.08864269782366,5208707,GO,729.296,1437366,41953.8320281682,70.49282747376537,80.5647898632942,72.6316465094255,58.2820460485769,73.1688080549858,91.8818357770806,94.9570789538076,62.251436667303,78.6420416619754,79.3823859684879,61.2542286646227,71.247929742616,56.12742786410578,67.2573254035427,37.0182223238076,72.7252086028517,72.6331145149526,513.619597512513,112.493439807513,12.4698956382125,5.20808192255974,94.4982118250109,85.869308419244,99.01,19.5,98.4718744470598,89.0087558913261,92.9797375913524,98.958193701978,33.5811389795966,3.43699395221256,30.1245472621448,18.6452163192952,0.6,0.8,7.4,11.7,5.6,2.2,99.9941020809303,40.3155830587816,92.8822842733857,96.3547454545455,75.28,1.81379699124574,418.429567905645,27.2332674091808,9.39217986233151,10.0461630530603,1.44101696833854,0.208733841391503,51.58,2.500905911,7.0,11.0,126.56880615,45.6480819881004,10.0,8.1990901792882,9.25873510771014,0.317279015165937,0.27144056313824,0.817356941190232,41.343669250646,470.471595227866,187.541627230343,177.024683891852,204.06115195073,586.247999471109
Manaus,1400,800,170,100,620,180,62,14.666666666666666,28.75,1.3833333333333335,0.3631284916201116,1.1300936043146307e-05,0.9932175497930308,0.4521191141163951,549,AM,200.61,Amazonas,15,329,1060,694.5,46.37326651447965,1302603,AM,11401.092,2063689,50412.3394963098,64.34714108185064,68.2713343946752,67.7682731243629,57.001815726514295,71.2157322305757,78.9459492791125,86.6470285563801,36.2766275126324,70.1762922341023,74.4333598900148,56.4812078866186,69.982232486716,51.40641939583425,54.6583225405412,61.7979288994377,60.144592070244,73.7446954321411,693.469533042866,161.981679541565,16.5096378252226,3.64321627662516,85.0935587264427,75.3139641597836,97.5,59.78,91.6573909837969,73.6912909117458,82.4054059876628,96.2380224004749,105.386626991701,7.2310857803985,15.554669332443,57.3245290351405,1.2,6.9,8.9,24.3,5.35,7.6,99.4971294579228,25.6955550814064,92.2980353499542,95.3196727272727,74.54,2.58040506496894,469.952755862911,27.5950894959962,6.00865731222098,9.25128038550308,4.27565340860334,0.251993291163225,52.87,3.877771059,9.0,9.0,88.807204449,50.90035119343271,11.0,14.8730803584291,1.87117984131207,0.286082735126999,0.189074592119922,0.77856223458283,11.1388107993423,163.028115776257,29.5290122545401,112.523368159363,120.492261851407,530.221710621824
Natal,1300,750,160,95,610,170,61,10.333333333333334,27.059999999999995,4.180000000000001,0.653631284916201,0.0016600625443569,0.0275652322895933,0.227618859916717,1678,RN,116.77,Rio Grande do Norte,15,465,894,679.5,24.89019033674964,2408102,RN,167.401,751300,32427.5545222947,64.44623030283053,72.2823003119269,66.5596841709482,54.49670642561692,75.1178587950921,75.7100191136552,89.6293835257361,48.6719398132244,59.4822295298772,78.6506475128514,57.1311410455514,70.9747185955128,34.4501691140841,59.9161301165313,50.859881514085,72.7606449577674,69.7932330827068,549.008149810195,107.139412112663,13.0999790400335,4.12720682801356,92.2420712270966,45.1278656217764,94.41,59.85,90.0245373449217,79.5017619495341,85.0627957285145,99.09571093326,57.8432591091182,2.48777878671029,15.5730067882337,34.7397843737522,2.5,9.6,9.4,35.3,4.15,13.6,99.9999998803116,36.0644559623203,95.2646489065658,96.5290727272727,75.08,2.19915350448632,429.532156666853,32.5289728528338,6.25582323971782,6.92431182842406,1.28965876863694,0.0,46.17,10.12540255,3.0,7.0,103.31511228,64.9452229199249,11.0,9.77782435548103,2.37448129242646,1.5881658952718,0.45115439369614,0.733618725499908,15.8227848101266,335.850136205889,66.5263729549929,168.33815259305,170.89206872706,586.76429031459
João Pessoa,1350,800,165,98,615,175,62,16.75,27.116666666666664,1.05,0.2234636871508378,0.0014371842746467,0.903707077873196,0.3762026497662269,1500,PB,131.2,Paraíba,3,428,1017,722.5,26.50096170910817,2507507,PB,210.044,833932,26868.6982550136,65.55363723649317,76.0531459916598,69.1672062040406,51.4405595137797,67.776450286702,89.385683829048,95.2044695800858,51.8459802708035,67.1430178606034,78.3819547123565,59.2856942527166,71.8581579904857,42.82914199691321,56.7918675410666,40.8115836964983,65.3296448206409,44.2064345380862,624.609467713576,137.908020827165,17.8987601379696,4.69420222727914,97.449190027165,84.1599360141683,100.0,38.75,94.9766039453286,92.5495299455277,92.9299825062934,98.4469002005376,62.3628018359609,1.34863585483284,21.3446659919514,26.6208755629955,1.9,8.7,8.7,22.3,4.8,7.9,99.9999998953975,34.9781574703026,96.4402918276853,95.701412121212,74.89,1.96940398207686,451.743680713925,28.2632338253246,5.99569269436837,13.1486576320143,1.85864843152362,0.0,51.92,4.504353262,4.0,11.0,103.11576232,65.6920899624986,10.0,10.5155215810571,2.1498241595238,0.580918755284747,0.0694241108452134,0.867707384552463,27.3758310520141,382.113492202637,74.3698136840457,125.714151066514,114.393271716374,578.005413496933
Teresina,1200,700,150,90,600,165,60,13.833333333333334,27.28,0.94,0.418994413407821,0.0009400288421806,0.8548750167246695,0.4249364863248904,686,PI,186.48,Piauí,5,461,844,652.5,33.47570125822463,2211001,PI,1391.293,866300,27784.4467116472,67.37455630786748,70.9935826279553,69.1509044756904,61.97918181995723,65.4630329270752,88.9158888318421,89.0565736943083,40.5388350585958,75.3710468938637,75.8950003746138,57.5859649976341,67.7516056366502,64.06842356651914,61.8261276971398,49.4661411165735,72.5560348995965,68.1664709336465,745.242364479995,177.590282995193,17.8169866805051,5.35731232798709,94.1727943252798,98.8558923575235,95.04,39.66,88.2360249850338,91.6392757502852,73.7628906735342,96.7622242553624,94.7985976962152,4.7746578523589,27.7040286274962,44.2110123513794,0.5,6.3,6.6,24.0,5.8,1.4,98.3202239043417,28.3092762847923,95.7155010005223,96.1636757575758,74.22,2.43093691488583,468.20692729876,24.7898610403022,9.00380930393628,7.01407881579772,1.67381830667292,0.346300357843703,51.31,13.19779321,14.0,12.0,110.83737975,64.969364590331,10.0,9.10742086144266,5.34016826849821,0.056091856023424,0.324160352468536,0.595619057850351,41.8410041841004,350.503292343619,116.139367240689,132.941277013962,140.203542623194,587.596872563103
Campo Grande,1300,750,160,95,605,170,61,,,,,,,,723,MS,184.02,Mato Grosso do Sul,10,337,1016,676.5,21.48981182496381,5002704,MS,8082.978,898100,38954.112462198,68.21141736986057,80.2549694570986,69.2362123641481,55.14307028833549,74.6372118414332,90.4835896034816,92.5023073105918,63.3967690728881,72.1850807326631,78.4906135331056,55.541892554832,70.7272626359915,47.70288579205576,71.0859614465191,30.2312937512922,71.5521401634751,73.1889735736164,614.191469223287,116.438512188416,13.4467395706764,3.98846446838611,93.6221889705723,77.484846509809,100.0,19.74,97.1716218853686,85.9584065231063,85.7448008153883,99.3743629779021,29.7725087487249,4.06651099777198,17.3700033403853,17.9267342166797,0.3,4.0,9.7,19.6,5.25,10.7,99.3694905551364,38.0839665726023,92.647994783974,96.3127787878788,75.62,2.11808873142973,485.82827941612,31.6740248009927,13.3615410310656,10.1350976634903,3.86743645893252,0.311825538066103,46.5,15.98527048,6.0,11.0,100.07614084,60.37941659531951,11.0,10.8302956662616,12.712665050371,0.053113232099513,0.0662819151923596,0.786237740588959,38.7921996225624,582.367180259871,384.633136914011,152.708216766516,172.344638262461,569.15695002576
Cuiabá,1400,800,170,100,620,180,62,5.166666666666667,28.466666666666665,1.6166666666666665,1.0,2.88198997915488e-05,0.9932175497930308,0.664415456564274,280,MT,239.76,Mato Grosso,9,457,825,641.0,12.905664203835748,5103403,MT,4327.448,650877,46036.4809606116,68.47464023276291,78.3184363348194,69.6317239882405,57.47376037522922,73.3021971613344,83.6980691939701,91.9583902736436,64.3150887103294,68.7193712279659,76.7653703556443,58.5168735392477,74.5252808301041,47.46815370190413,62.1784093126585,48.7327635634586,71.5157149228958,68.6506761425328,266.511014826479,141.72793563147,16.675406397483,4.40525934023273,96.2904505338313,73.9857949130207,98.13,55.42,95.9830430039996,84.0205929990414,86.6352097312664,99.1381020064126,21.0297316896302,2.98610862268726,22.8921900758515,13.3665807825442,0.3,4.8,12.9,17.3,5.05,17.8,99.3279237668495,32.7945479440273,92.4154888871192,96.0939515151515,75.01,1.92123496759666,435.36222617893,30.9620940642553,7.06738754019577,7.70428216026991,4.20658518038794,1.12150336758271,35.48,18.83524832,4.0,12.0,104.53640433,55.333455839816,9.0,10.9281594126901,8.92278601869377,0.161402262859725,0.155487153760705,0.762180803310045,54.3847722637661,202.159553755927,96.0669077757685,178.81496585736,178.967346957176,568.62625158831
Maceió,1300,750,160,95,610,170,61,19.75,25.90833333333333,2.458333333333333,0.0223463687150836,0.0219548466197737,0.63178799700404,0.2253630707796324,1687,AL,116.6,Alagoas,5,362,838,600.0,44.57593358916648,2704302,AL,509.32,957916,28900.9154422726,62.36840496281892,66.2143474935015,65.5154040041364,55.37546339081949,68.5463959971097,66.9545873081778,87.8509177643921,41.5054889043263,66.8205194097312,73.7810756998318,53.2158836578229,68.2441372491597,60.50671618341244,56.5880686667735,36.5662759555182,67.8407927575739,67.5735092058258,536.158984564709,168.037624395284,14.8153834344055,5.04465667671776,65.627491950055,41.8399437237498,86.83,41.07,80.3707516983113,81.4634244819267,83.9980215809184,97.0798130595847,102.667865707434,5.86175633851252,16.7029259350507,43.9495738666021,2.1,6.1,8.4,24.2,4.5,6.8,99.9697761514779,22.0450382573105,93.4053176542929,95.763406060606,72.94,2.52206809583859,507.201574458806,28.1311627021366,6.5767770869262,7.01360348539643,1.11970017423981,0.0208786574188133,53.22,6.949998113,12.0,9.0,125.01985905,50.8233481655753,11.0,14.2780379212405,3.05096554812739,0.0498144412065058,0.299470409854003,0.61008026315999,64.8055832502493,365.578203645231,166.898210739294,125.337674651591,131.885625830057,564.686676413255
Aracaju,1250,720,155,93,605,168,60,14.0,26.77777777777778,2.3916666666666666,0.4078212290502793,0.0033233228988132,0.6719746097907782,0.3610397205799569,1071,SE,159.01,Sergipe,7,354,1185,769.5,27.04240680738673,2800308,SE,182.163,602757,30758.7293874646,67.88973587644362,73.1880504264946,69.5257951076356,60.95536209520121,72.6429585060104,89.6467423701821,91.8379910558829,38.6245097739031,71.7220330652529,77.2061376952665,58.2284962133762,70.9465134566469,57.82729948298345,64.0342104824628,49.7328442176,72.2270941977586,70.1056051990252,371.089510477034,121.185911437459,19.9752031960325,4.92363265145864,89.589500690744,96.3217062056025,98.03,29.61,97.1227221893296,88.146339056641,80.8112953095191,99.1242352476811,104.768200356711,4.59904033358373,28.3696414973198,49.1076835275244,0.6,2.0,6.1,25.8,4.75,8.0,99.9999993298333,32.7604215133442,94.2348506923401,95.6315848484849,74.36,2.15710178403928,373.932104121806,31.8979809679544,7.299790794632,10.6387890005032,3.46585472285943,0.0,52.63,2.622100845,9.0,12.0,98.368530317,49.2718097143722,11.0,10.1529136244662,6.17585644131881,0.407600942373379,0.308011528261103,0.717016437358888,10.5596620908131,331.130904018028,94.7352611573876,141.283769159388,151.170776012937,578.99070940932
Florianópolis,2000,1100,220,120,710,220,70,12.4,21.4375,1.6285714285714286,0.5150837988826814,0.9239460814058078,0.9917687576065454,0.8102662126316783,940,SC,167.62,Santa Catarina,9,497,752,624.5,9.307329894585182,4205407,SC,674.844,537211,44166.9767525237,69.56223094076948,81.1780271897474,72.6675670426905,54.84109858987088,79.1550899099321,87.6890243614733,86.6711361931159,71.1968582944685,71.5736793875946,84.4500430594844,64.4006521871477,70.2458935365351,39.206328842586224,62.4813356037192,43.7103849678934,73.9663449452846,81.4802738832736,574.610279483625,60.4000143088046,9.20749753370602,4.58939556683918,90.1640368041967,95.5420931689994,100.0,43.8,80.8193513468504,70.3193305299971,94.0089096132229,95.3786585619718,15.3277259402602,1.07139796005828,9.86576968826029,9.30732989458518,0.4,5.0,7.0,23.9,5.35,13.5,99.9940727976193,57.0452086667631,92.7711310192098,96.3171666666667,77.35,1.25975809964151,349.623012932845,33.8071693448702,9.67962309036859,6.55477686678734,1.80658081765893,0.0,50.63,2.982535256,5.0,8.0,96.060418293,64.7651269790923,10.0,5.29431108188096,2.92260849234847,0.587601606111057,0.417077369218022,0.187264991285315,26.1324041811847,358.561183966172,175.913774327758,374.171314253265,366.848490180553,604.330765902207
Vitória,1900,1050,210,115,690,210,69,12.714285714285714,25.850000000000005,1.55,0.4940143655227453,0.0245848470355124,0.9987507809245808,0.5057833311609462,599,ES,195.21,Espírito Santo,15,368,1055,711.5,34.06954523351576,3205309,ES,97.123,322869,98036.5568787961,67.19734404616312,74.6926378157445,72.5307772313112,54.36861709143407,74.3402844096855,92.7076769858504,88.9141894583856,42.8084004090565,74.6110768447547,80.4476446125877,63.0492154802274,72.015171987675,33.05302996865725,62.9560398098797,47.6837264607342,73.7816721264653,78.050412670087,589.390962671906,91.5731751780349,12.9466597617815,5.36133341356279,98.8006062869319,99.5512721324521,98.04,33.51,94.3742723458472,75.9066845330932,83.6016958460558,99.026865540496,78.5535669865542,4.61321108323963,33.4500989565427,38.4056691723269,0.5,2.4,4.8,18.2,5.1,9.6,99.9999994701963,43.848626364901,93.0612341368686,96.1315787878789,76.28,1.70053515048822,349.921607741082,32.0472895040369,6.19446276973014,7.13170845416358,1.6802344463518,0.0619446276973014,47.83,2.271408215,6.0,4.0,89.858470458,67.2501990639141,11.0,7.92335577421025,3.5172649216865,2.82020131898646,0.248243808205749,0.987349977624015,15.5763239875389,1618.0837874463,2.50068768911451,370.514471989274,368.735111863817,601.640170731707
Belém,1400,800,170,100,620,180,62,20.08333333333333,27.83333333333333,1.25,0.0,0.0002020602890511,0.969233234476344,0.3231450982551317,1275,PA,147.39,Pará,15,375,837,606.0,22.709783543539487,1501402,PA,1059.466,1303403,25864.1694240385,62.510828293778296,71.9299203517331,66.2375187129327,49.365045816669735,67.1134647693152,73.5933650087249,84.051653834771,62.9611977941214,64.4000893461827,74.2123920018839,60.7220784822691,65.6155150213952,26.948545272635936,67.331567961824,32.1310016597972,71.049068372422,50.8473664389089,666.348030429761,129.530656807334,16.9555625590923,5.59539489731206,78.2466294277318,78.9124580959126,76.84,45.17,85.6035623752159,86.0900410807173,69.5050137963524,90.8571124122305,40.3551251008878,3.03193931501272,7.82566865351699,21.2520609512177,1.6,6.5,9.5,33.9,4.65,11.1,99.9608739571046,23.276996793363,93.3762627307769,96.0358242424243,74.33,2.27915996675511,451.870173918863,22.3155602224556,5.14039019397684,8.99996023055065,1.14829409408626,0.0230169197376992,59.7,7.860708646,9.0,0.0,68.764005873,77.9581145348261,9.0,12.7954617081626,14.7706032811386,0.722860600349115,0.322599085633104,0.778905987244349,106.331561140648,534.487587817957,243.649385856287,142.686654253871,147.16977191077,561.827433207442
Palmas,1300,750,160,95,610,170,61,11.166666666666666,27.266666666666666,1.4833333333333334,0.5977653631284916,0.0009736638428428,0.9998611207557264,0.5328667159090202,350,TO,225.53,Tocantins,7,329,875,602.0,43.939053559393706,1721000,TO,2227.329,302692,34387.605086028,68.07210491951055,74.9690733510624,73.1254141750864,56.12182723238344,74.2245236248027,90.1248158361262,91.6132591405537,43.9136948027668,79.1141003741422,77.8848859703285,61.9486040032448,73.5540663526299,54.50507393836672,62.670595969956,36.0146451781292,71.2969938430821,72.5316941990012,432.425187251276,121.407916828391,13.4397312053759,4.56892101187403,93.7116183602867,89.0234948604993,98.86,29.96,93.2034495886647,92.5711353516627,79.0376243523745,97.9557380034099,60.7678451288061,5.16135692073446,42.6175782643743,33.3672511992388,0.3,4.3,4.6,12.1,5.7,2.7,98.5162885051101,36.6182658073661,92.9745170879237,96.2054515151515,74.61,2.07260740626412,446.131138952208,20.8261719036916,9.58069588889036,8.48348604122136,2.04085020667042,4.03049964980905,37.1,20.20398289,11.0,10.0,94.371689877,61.3660943277679,9.0,9.40781184376313,8.15563401741705,0.813484316022387,0.411131960276567,0.175209156537029,170.542635658915,772.268029264894,182.197459797734,295.892336382401,344.877375517571,565.439589442815
Boa Vista,1200,700,150,90,600,165,60,7.222222222222222,29.500000000000004,2.3750000000000004,0.8621973929236499,7.81148940830438e-07,0.6819407511903479,0.5147129750876462,782,RR,179.78,Roraima,5,487,1056,771.5,22.73353874133586,1400100,RR,5687.037,413486,32871.4044905994,62.75778294622098,72.733743022954,66.6449289576603,48.89467685804929,66.1535559289872,79.9916038560181,90.7281660228651,54.0616462839455,69.9565948091002,73.2044855352664,54.5438412384642,68.8747942478104,41.076786720808485,54.7629397100893,47.7987095631889,51.9402714381107,57.8111011638317,1107.2147616419,140.831785716748,18.2421227197347,4.53483204060273,91.9622745466626,65.203454141044,97.7,58.87,93.1695538738272,91.2946247711031,77.3371793417492,97.5303440340955,50.1619985855961,6.20741356176615,26.8449234073221,30.472615759663,1.2,6.3,8.7,17.8,4.9,9.5,98.2005225785197,23.3733392671481,92.824800528514,93.9423242424242,73.95,2.49324310167822,532.150477272127,26.0326687016951,8.46461548879527,2.95252795368228,6.35608842323411,2.46683079959176,47.74,8.448637934,2.0,9.0,101.5302538,45.491513437058,9.0,16.5837479270315,7.01842386924829,1.57361364637754,0.343368375117116,0.799954766625235,130.568356374808,488.475697975906,54.0709752696434,86.6623627020755,105.728322528363,543.336536118364
Macapá,1300,750,160,95,610,170,61,14.909090909090908,27.966666666666665,1.9166666666666667,0.3468765871000507,0.0001363510459305,0.9168553557320288,0.42128943129267,1363,AP,140.92,Amapá,11,372,717,544.5,71.3426184095563,1600303,AP,6563.849,442933,29423.2035951261,58.025880695274566,58.1190734847856,64.7821035670257,51.17646503401277,67.2125290698538,41.5428881133455,77.5495938851694,46.1712828707736,63.701150752924,73.4368971878403,55.7605530135632,66.2298133137755,39.57473809484466,51.0203560524353,45.091945773849,69.0188202149222,38.2485366951824,458.498689593516,143.49883678989,22.8557076478714,4.62039103891563,58.8413860419717,32.9707776126796,36.6,76.13,83.9472913616398,68.5251342118106,74.0741825280624,83.5363591996096,78.8319397373616,3.09213229025404,15.1264412450642,43.3474137171988,1.5,5.8,9.6,33.7,4.4,12.4,95.7699664433929,25.2711771300696,92.1192314566113,95.6081151515152,74.19,2.7579866697311,524.09997547333,21.226923999041,13.3202990068475,2.01660075877899,5.00726302073374,2.88982758114658,51.69,9.768194618,5.0,8.0,87.043607646,60.2095473541703,10.0,16.4636443551425,1.87443042040218,0.180851448620103,0.340275138315303,0.800032615691241,27.8035217794254,194.804334286005,128.993497314108,196.465871842663,209.844440353461,532.247682801236
Porto Velho,1350,780,165,98,615,175,62,11.142857142857142,26.81428571428572,1.2571428571428571,0.5993615323224262,0.0030447492336461,0.970940785149678,0.5244490222352501,396,RO,219.18,Rondônia,11,364,1150,757.0,37.79043250498443,1100205,RO,34090.952,460434,43884.5882593379,57.10040912290145,57.4038193502276,60.4002006634165,53.49720735506074,68.4003208549611,32.9275272695982,88.7197240098382,39.5677052665128,67.9730894842803,74.7526495375662,55.5876761357163,43.2873874961032,40.10935775827812,49.8912594191946,54.609213302951,69.3789989398194,68.2825648927344,794.058496917763,168.30455834127,15.365787326625,4.27506236464815,38.7128742604883,44.7725693103714,26.05,77.21,82.9679569957056,87.2443616925433,84.196222108772,94.4232559536322,66.2726744781881,6.40990030468393,29.320163150419,46.6950746469635,1.5,7.3,8.9,23.2,4.9,9.3,90.2041804300258,33.2187960057688,92.397621739711,96.3266848484849,74.14,2.60119298761724,461.935956332179,27.8555021925245,8.47026935456547,4.77112315573944,44.0062038432036,96.9564282502883,62.79,26.44579373,5.0,5.0,103.33106088,45.4359464218248,8.0,13.5028555887952,2.32486672835042,0.521648408972353,0.187386415040434,0.915201162218944,41.8569254185693,202.980176314991,57.5148963581568,162.84804274119,183.838453099287,537.495315581854
